phoneme,count,log_prior
#b,11084.0,-0.5553275945439946
b-axr,418.0,-3.8331040680021076
b-eh,544.0,-3.5696362536709216
b-n,517.0,-3.620542626018435
b-v,433.0,-3.797847772524374
e-axr,411.0,-3.8499922860306297
e-eh,540.0,-3.5770163609685435
e-n,516.0,-3.622478735045301
e-v,432.0,-3.800159912282753
h#,2491.0,-2.048145985264683
m-axr,412.0,-3.8475621511773372
m-eh,541.0,-3.575166221680383
m-n,516.0,-3.622478735045301
m-v,433.0,-3.797847772524374
unlabeled,26.0,-6.610488962505382
