phoneme,count,prior
b-n,541.0,-3.6353948316356552
m-n,535.0,-3.64654736358613
e-n,537.0,-3.6428160159732714
b-eh,487.0,-3.7405499873995467
m-eh,491.0,-3.732369982687616
e-eh,486.0,-3.7426054865816427
b-v,524.0,-3.6673224261610944
m-v,515.0,-3.6846472098184
e-v,522.0,-3.6711465225994973
b-axr,401.0,-3.934852683175567
m-axr,402.0,-3.9323620218631152
e-axr,398.0,-3.9423621051976987
h#,2607.0,-2.062858696548634
#b,12067.0,-0.5305843774085357
