phoneme,count,log_prior
b-n,507.0,-3.633894103843714
m-n,513.0,-3.622129262264128
e-n,508.0,-3.6319236598564153
b-eh,537.0,-3.5764070129260324
m-eh,539.0,-3.5726895365258997
e-eh,535.0,-3.580138360538891
b-v,427.0,-3.8056210942062725
m-v,429.0,-3.8009481885068803
e-v,426.0,-3.8079657611655264
b-axr,414.0,-3.836539133609583
m-axr,412.0,-3.8413817580853706
e-axr,410.0,-3.8462479477365434
h#,2476.0,-2.0480054736304103
#b,11062.0,-0.5511340168802743
