phoneme,count,log_prior
#b,11062.0,-0.5528517384592284
b-axr,414.0,-3.838256855188537
b-eh,537.0,-3.5781247345049865
b-n,507.0,-3.635611825422668
b-v,427.0,-3.8073388157852266
e-axr,410.0,-3.8479656693154975
e-eh,535.0,-3.581856082117845
e-n,508.0,-3.6336413814353694
e-v,426.0,-3.8096834827444805
h#,2476.0,-2.0497231952093644
m-axr,412.0,-3.8430994796643247
m-eh,539.0,-3.574407258104854
m-n,513.0,-3.623846983843082
m-v,429.0,-3.8026659100858344
unlabeled,33.0,-6.367615267547372
